Customer_ID,Orders_6m,Total_Units_6m,Total_Revenue_6m,Channels_Used
C00039370,56,422,581.58,4
C00292696,102,684,1123.94,4
C00325576,37,184,276.63,4
C00345275,35,144,249.12,4
C00357198,33,189,324.32,4
C00361081,50,241,374.11,4
C00418177,63,394,611.67,4
C00472971,51,418,636.32,4
C00473627,57,471,712.61,4
C00505665,36,192,325.21999999999997,4
C00549759,79,406,658.3199999999999,4
C00642925,49,242,363.11,4
C00663983,50,442,649.38,4
C00723402,42,365,541.49,4
C00763804,21,138,224.49,3
C00783248,57,290,413.93,4
C00790104,29,145,253.78,3
C00852244,45,291,451.56,4
C00854972,74,379,588.5,3
C00888008,44,305,421.19,3
C00892771,49,412,514.97,4
C00924195,44,235,387.76,3
C00945513,61,333,552.95,3
C01081202,48,181,297.17,4
C01137080,58,382,585.36,4
C01171536,62,360,569.36,3
C01176187,66,484,720.76,4
C01233394,66,507,814.55,4
C01258542,39,255,437.12,4
C01295579,62,372,566.25,4
C01351449,39,204,327.97,3
C01365702,40,299,464.48,4
C01378274,32,200,312.32,4
C01388411,57,375,506.75,4
C01424609,44,224,343.69,4
C01460856,72,362,609.54,4
C01593748,90,525,886.5799999999999,4
C01663643,80,397,610.87,4
C01716497,80,440,696.87,3
C01737603,37,252,421.07,4
C01742496,65,279,435.74,3
C01846432,69,395,658.73,4
C01857336,46,272,442.29,4
C01875561,43,261,391.88,4
C01934367,64,388,592.54,4
C01959596,58,289,439.56,4
C01982852,110,695,1016.6,4
C01983061,34,195,271.61,4
C02113857,56,384,558.06,3
C02115170,58,305,463.19,4
C02181928,68,395,634.32,4
C02185025,61,462,723.98,4
C02290279,73,332,480.32,4
C02312058,101,438,725.74,4
C02340952,92,592,916.36,3
C02342181,32,213,320.8,4
C02458808,55,411,619.75,4
C02492076,60,310,486.59,4
C02499061,69,344,540.5600000000001,4
C02550056,88,648,1072.91,4
C02562535,46,391,566.29,4
C02576093,55,343,509.11,4
C02643524,69,418,674.26,4
C02731089,90,562,850.7,4
C02776441,33,309,465.42,4
C02785802,90,567,817.2,4
C02806009,37,238,369.28,4
C02807290,105,622,964.25,4
C02833407,45,256,375.19,3
C02834898,45,298,453.78999999999996,4
C03086269,51,281,443.93,4
C03180624,56,368,596.34,4
C03183406,79,514,790.93,4
C03253431,43,318,515.37,4
C03253922,71,395,620.07,4
C03273828,53,345,552.78,4
C03314808,88,538,884.35,4
C03452502,40,327,569.96,4
C03467032,36,247,400.82,4
C03618572,34,250,368.87,4
C03650979,32,189,299.14,4
C03677460,57,398,592.58,4
C03694436,35,239,421.44,4
C03772251,34,231,320.51,4
C03856145,73,527,757.5,4
C03922488,61,423,632.74,4
C04091987,73,351,514.38,4
C04113862,56,429,691.96,4
C04162960,42,236,356.35,4
C04215945,78,469,705.61,4
C04233800,35,244,326.67,4
C04256503,48,273,382.67,4
C04302984,74,372,526.18,4
C04353162,59,314,474.84,3
C04373030,75,386,654.14,4
C04374981,37,161,223.14000000000001,4
C04406722,58,377,580.1,3
C04467930,65,285,468.54,4
C04580003,34,190,314.11,3
C04590609,49,364,512.49,4
C04608051,86,512,786.62,4
C04618888,40,264,431.21,4
C04644667,36,266,382.2,4
C04650593,45,218,385.2,3
C04658993,30,226,345.5,2
C04676197,64,280,461.48,4
C04752466,64,398,666.09,4
C04776244,48,258,401.31,4
C04789053,52,384,582.78,2
C04827765,49,300,476.95,4
C04863443,73,409,704.31,4
C04877327,49,254,362.32,4
C04923527,57,366,553.35,4
C04935049,32,220,326.72,4
C04958644,54,384,522.8,4
C04973388,36,289,486.71999999999997,4
C05018594,69,412,671.57,4
C05027258,45,329,616.41,3
C05123222,95,614,977.61,4
C05184974,40,235,371.38,4
C05388808,67,356,562.0,4
C05398920,41,175,254.08,4
C05416482,89,450,724.07,4
C05438611,58,348,467.78000000000003,4
C05453066,34,162,257.3,4
C05474058,64,371,551.12,2
C05482326,44,258,403.84,4
C05518353,54,314,508.71,4
C05549434,36,167,260.47,4
C05592056,39,299,397.62,4
C05613961,35,207,270.7,2
C05617493,51,320,439.3,3
C05624431,38,345,514.62,4
C05661592,30,162,293.0,3
C05682870,36,245,370.73,4
C05710647,30,143,240.86,3
C05764813,32,193,291.05,3
C05810463,50,276,472.29,4
C05826701,49,298,482.78,4
C05881784,35,164,275.47,4
C05911656,55,265,434.21,4
C05968151,45,270,404.81,4
C06026844,57,304,446.21999999999997,4
C06053851,49,310,524.1,4
C06082253,41,296,462.84000000000003,4
C06088914,56,383,600.9300000000001,4
C06116907,37,219,309.44,4
C06120458,52,339,568.95,4
C06124632,86,574,873.73,4
C06190810,27,192,274.56,4
C06276804,30,243,382.43,4
C06314921,61,308,427.34,4
C06345993,64,322,522.5,4
C06351259,71,350,578.84,3
C06361326,82,503,840.83,4
C06459170,66,354,552.9,4
C06504680,55,187,337.18,3
C06609481,37,223,326.98,4
C06763801,44,427,636.23,4
C07009068,77,370,578.71,4
C07034147,37,237,444.2,4
C07043707,40,240,407.23,4
C07051004,86,585,867.09,4
C07086489,34,273,388.7,4
C07123804,34,189,280.38,2
C07214982,34,234,397.46999999999997,3
C07231868,58,290,481.32,4
C07248716,53,298,443.0,4
C07296312,54,350,485.74,2
C07375829,50,236,379.52,4
C07403979,62,365,532.3,4
C07537392,34,257,364.79,4
C07552293,46,245,403.95,4
C07635525,44,323,474.31,4
C07673886,46,327,475.35,4
C07675006,44,353,494.0,4
C07740309,39,348,565.7,4
C07762786,46,314,506.02,4
C07783237,60,432,563.65,4
C07801239,38,218,319.82,3
C07817032,85,555,917.84,4
C07821689,30,200,300.19,4
C07838383,64,386,629.46,4
C07850301,71,438,712.57,4
C07892386,70,349,568.37,3
C07894141,77,462,719.54,4
C07969024,24,140,193.12,4
C08023404,61,325,583.49,4
C08053582,66,440,665.5,3
C08082931,54,339,502.17,4
C08084359,64,327,519.6,4
C08123799,38,198,331.73,4
C08129328,58,373,558.92,4
C08242645,59,362,531.76,4
C08282565,60,434,604.49,4
C08345177,44,343,491.46999999999997,4
C08456834,88,476,765.09,4
C08517452,52,292,435.44,4
C08624816,43,290,467.88,4
C08629147,43,321,523.26,3
C08630752,104,564,913.74,4
C08643638,46,262,418.29,4
C08705051,30,245,409.65000000000003,4
C08740294,40,418,616.31,4
C08743979,64,431,658.98,4
C08762316,40,238,377.6,3
C08782261,42,340,571.55,4
C08804477,44,232,348.57,3
C08823363,38,276,400.45,4
C08874158,44,287,461.13,4
C08955433,40,200,256.85,4
C09207170,54,245,377.27,4
C09237270,34,220,344.24,4
C09245949,82,422,654.28,4
C09251426,61,340,508.0,4
C09327421,59,338,516.42,4
C09428434,52,340,482.54,4
C09438274,61,420,637.55,4
C09515059,50,378,574.13,4
C09614003,43,277,427.74,4
C09726482,44,307,493.0,4
C09756278,83,589,846.42,3
C09814712,56,371,622.95,3
C09848599,30,158,254.70000000000002,4
C09864384,35,236,357.24,4
C09980417,38,290,432.75,3
C10012865,30,234,357.11,4
C10025054,32,177,272.65000000000003,4
C10079682,39,188,323.16,3
C10236969,31,211,270.65,4
C10253271,70,331,589.47,4
C10337593,44,332,512.58,4
C10346991,66,446,721.16,4
C10355869,40,262,402.92,4
C10370402,52,441,665.34,4
C10375245,40,219,306.79,3
C10458030,33,182,240.85,4
C10507598,69,456,685.84,4
C10512181,37,247,437.19,3
C10517479,25,121,190.39000000000001,2
C10553260,60,325,533.17,4
C10592337,43,353,548.13,4
C10660883,61,304,479.36,2
C10719718,56,426,665.65,4
C10742852,66,329,459.26,4
C10794629,61,534,854.74,4
C10851492,53,401,642.12,4
C10884858,46,324,535.4,4
C10931671,61,397,591.96,4
C11123374,69,503,833.42,4
C11218976,59,475,737.24,4
C11235131,65,392,621.75,3
C11242205,40,304,436.64,3
C11403525,61,364,622.87,3
C11413554,42,277,399.36,4
C11455945,43,298,444.62,4
C11481124,63,356,560.16,4
C11485029,52,274,418.64,4
C11537063,83,370,498.56,4
C11541965,35,184,250.34,4
C11569767,61,393,580.09,4
C11741568,52,348,549.01,4
C11771912,45,299,469.67,4
C11811531,74,429,658.18,4
C11847385,37,249,408.85,3
C11868654,42,309,482.59999999999997,4
C11879063,38,282,511.5,4
C11880344,39,228,399.59,4
C11896622,60,349,529.19,4
C11929203,86,455,680.47,4
C12046456,56,249,418.53,3
C12095343,39,226,348.59,4
C12097499,53,304,494.87,4
C12108868,85,482,814.49,3
C12166800,85,565,923.99,3
C12191155,88,513,798.78,4
C12206317,36,254,419.43,4
C12220144,63,341,557.18,4
C12286248,51,280,475.99,4
C12303765,44,269,360.35,4
C12316156,41,226,365.55,4
C12334297,76,371,600.08,2
C12336480,36,257,405.06,3
C12474445,56,294,459.53,4
C12506149,59,364,519.05,4
C12600313,85,442,697.71,4
C12611298,52,396,585.64,4
C12618962,64,312,554.36,3
C12633527,53,250,436.83,4
C12654424,84,586,916.48,4
C12691650,57,344,509.16,4
C12698467,41,219,302.68,3
C12749339,77,371,558.71,3
C12791951,78,370,599.66,3
C12794113,33,198,333.44,4
C12854357,66,296,475.5,4
C12949019,42,238,404.32,4
C12982363,85,577,919.58,4
C13086123,27,151,233.37,3
C13115318,65,403,572.71,4
C13193303,40,267,403.73,4
C13214121,56,328,448.8,4
C13291003,87,486,763.68,4
C13352290,33,216,352.49,4
C13372372,38,274,411.85,4
C13419722,46,362,543.12,4
C13421140,74,321,523.57,4
C13453305,40,223,347.41,4
C13463782,58,337,496.52,4
C13465679,61,302,478.2,3
C13468655,32,249,382.87,3
C13469454,39,285,483.48,4
C13505851,60,356,566.8,4
C13644177,45,279,375.6,4
C13683759,49,274,418.2,3
C13694716,69,414,631.0,4
C13706573,62,403,629.49,4
C13733408,34,231,365.65999999999997,4
C13854039,45,306,495.27,4
C13875639,52,292,522.5,3
C13913412,88,456,748.75,4
C14015521,61,458,699.89,4
C14019314,70,472,725.85,4
C14020678,57,435,642.39,4
C14041412,38,311,519.74,4
C14149556,45,309,469.3,4
C14161751,59,382,624.86,4
C14178309,42,288,479.67,4
C14194826,59,311,504.55,4
C14212858,42,386,537.5699999999999,3
C14256576,57,350,513.66,4
C14272744,57,417,633.86,4
C14290397,80,464,701.78,4
C14299529,52,267,427.2,3
C14308754,51,351,461.40999999999997,4
C14335940,65,441,666.34,4
C14431351,64,393,599.3,4
C14442451,40,203,305.1,3
C14531370,93,697,1061.27,4
C14540071,63,569,857.69,3
C14986844,61,364,576.76,4
C15213761,71,382,643.09,4
C15215165,59,471,760.93,4
C15219676,67,299,453.96,4
C15223751,48,360,470.78,4
C15248296,63,422,675.31,4
C15327377,47,253,386.86,3
C15352032,57,438,607.7,4
C15368899,74,366,577.91,4
C15419992,80,423,688.87,3
C15488544,54,369,559.84,4
C15504048,40,221,329.75,4
C15544175,39,276,461.82,4
C15740918,38,170,242.04,4
C15935302,110,622,963.19,4
C15957846,65,376,567.63,4
C15975548,45,251,369.65,4
C16002130,30,167,267.5,3
C16050184,45,263,433.21999999999997,3
C16090877,47,464,688.69,3
C16094515,42,252,350.05,4
C16169021,48,414,676.93,4
C16176199,54,432,608.62,4
C16348126,59,373,544.47,4
C16367430,51,329,554.76,4
C16447641,95,658,1020.72,4
C16448770,84,425,641.9,4
C16479457,73,462,877.23,4
C16501405,35,276,413.03,4
C16509031,47,355,520.2,4
C16557536,38,176,287.19,4
C16561486,54,329,504.93,4
C16646450,39,275,446.96,4
C16758878,57,292,469.14,4
C16785777,50,428,721.36,4
C17064805,69,447,715.0,4
C17159881,45,248,384.23,4
C17202351,71,458,710.3100000000001,4
C17283832,36,250,344.59999999999997,4
C17297063,38,196,330.72,4
C17314885,59,463,684.53,2
C17366437,74,397,649.85,4
C17413431,42,184,287.84000000000003,4
C17492732,30,154,234.46,4
C17518014,57,255,379.96,4
C17527949,53,303,509.09000000000003,4
C17535581,40,337,556.79,3
C17621692,42,327,585.36,4
C17677798,37,234,385.0,4
C17710064,35,233,384.92,4
C17734340,32,160,255.01,2
C17757926,38,290,489.35,4
C17762068,71,390,570.01,4
C17883737,48,228,314.41,4
C17890858,42,300,473.86,3
C17937423,37,220,327.53,3
C17951557,47,318,446.21999999999997,3
C18078658,92,587,905.75,3
C18205245,73,463,773.4399999999999,4
C18215750,52,271,402.29,3
C18271555,70,369,653.17,4
C18313505,50,332,500.15999999999997,4
C18322491,69,357,538.41,3
C18364521,40,307,434.64,4
C18426860,57,327,482.73,4
C18429097,58,308,492.48,4
C18523208,42,360,552.38,4
C18551475,59,254,409.96,4
C18556913,46,336,532.52,4
C18581441,40,347,522.53,4
C18609807,31,227,300.8,4
C18692548,54,231,339.37,4
C18724632,46,365,520.55,3
C18912267,49,339,601.78,4
C18932124,60,441,605.69,4
C18937662,78,512,760.24,4
C19091701,53,356,547.33,4
C19139774,90,589,881.21,4
C19247833,61,340,533.31,4
C19310066,43,337,495.91,4
C19345949,19,117,196.71,2
C19364920,40,178,322.53,4
C19428918,48,269,347.48,4
C19435203,34,257,376.54,4
C19482315,40,194,307.88,4
C19728112,31,248,414.07,4
C19732772,43,297,488.86,3
C19738067,35,220,337.48,4
C19770011,44,226,342.63,4
C19789414,57,398,623.99,4
C19839552,53,331,463.74,4
C20015184,48,271,525.34,4
C20054112,49,419,590.3,4
C20081937,59,405,647.54,3
C20182922,47,307,515.39,4
C20213597,48,323,515.1,3
C20239980,89,437,755.22,4
C20246239,37,189,336.78,4
C20316792,35,273,425.83,3
C20398566,47,311,445.0,4
C20411759,54,371,546.48,4
C20414141,56,333,560.9499999999999,4
C20414701,62,401,615.74,4
C20423437,45,254,367.6,3
C20502944,65,372,556.99,4
C20510979,50,211,327.93,4
C20533382,62,269,442.58,4
C20539092,101,582,949.12,4
C20568799,80,402,668.58,3
C20589959,91,488,756.34,4
C20638646,82,412,607.75,4
C20642331,45,328,465.61,4
C20651151,85,602,989.77,4
C20698360,35,216,334.92,4
C20715001,58,400,644.24,2
C20721826,36,211,311.92,4
C20751824,33,349,522.83,3
C20787362,83,477,756.54,4
C20832935,46,305,454.75,4
C20853713,74,435,679.38,4
C20859713,60,337,544.08,4
C20887550,62,356,606.94,4
C20931653,43,284,443.0,3
C20949678,61,328,567.31,4
C21088622,61,334,550.23,4
C21128863,39,253,413.28,3
C21199857,42,260,433.61,4
C21248296,44,227,333.46,4
C21258707,38,322,453.97,4
C21277940,69,403,667.95,3
C21331640,76,370,584.66,3
C21404144,52,317,477.83,4
C21544868,54,349,554.36,4
C21570713,73,464,706.3,3
C21660485,64,353,561.96,3
C21670885,41,265,384.4,4
C21684936,54,258,434.74,3
C21764559,59,199,324.57,4
C21792212,85,602,987.98,4
C21872760,52,281,495.34000000000003,4
C22065959,38,233,422.64,3
C22097994,56,362,534.59,3
C22119388,43,302,506.14,4
C22123805,42,245,379.82,4
C22237768,35,288,472.11,4
C22310844,42,235,380.51,4
C22349880,58,507,745.5699999999999,4
C22357475,47,376,501.61,3
C22361957,73,527,796.69,4
C22385295,73,410,622.29,4
C22533453,37,237,419.56,3
C22631349,38,273,394.26,2
C22689120,73,452,690.59,4
C22690754,54,296,422.71000000000004,4
C22692427,64,519,863.11,4
C22698425,61,443,678.23,3
C22728414,43,221,413.94,4
C22791620,68,504,756.9,3
C22833531,94,581,818.51,4
C22864610,59,381,683.56,4
C22931511,61,372,551.88,4
C22953824,50,414,723.82,4
C22994863,34,208,333.08,4
C23122562,57,307,484.73,4
C23139999,46,274,426.46,4
C23141642,49,305,513.13,4
C23175732,76,578,864.87,4
C23175765,53,307,466.7,4
C23185863,61,413,691.79,3
C23202234,31,180,250.21,3
C23213072,64,279,418.3,4
C23239567,80,483,739.87,4
C23349035,66,293,423.17,4
C23371556,69,363,613.71,4
C23436958,61,500,761.1899999999999,4
C23481654,64,295,507.74,4
C23512723,60,264,457.41,4
C23531278,67,484,792.64,4
C23539582,42,314,480.7,4
C23557444,38,220,349.13,3
C23560764,34,231,368.1,3
C23575183,50,263,410.81,4
C23608048,52,289,472.69,4
C23683899,78,394,616.16,4
C23769777,51,428,626.41,4
C23784815,34,189,328.54,3
C23786700,75,425,651.26,3
C23839481,54,347,499.46,4
C23903975,72,345,526.49,4
C23972893,34,247,383.04,4
C24052716,78,422,736.58,4
C24103495,39,259,440.53000000000003,3
C24273447,63,454,706.65,4
C24351001,57,446,632.2,4
C24371256,40,246,381.87,3
C24393098,64,358,520.25,4
C24409331,50,312,477.21999999999997,4
C24458284,81,480,758.52,4
C24519165,78,419,684.79,4
C24520435,34,133,234.33,4
C24521481,55,294,434.40000000000003,4
C24529950,53,296,444.03,4
C24570722,43,233,365.44,4
C24593875,70,366,567.99,4
C24624765,79,414,626.28,4
C24635045,85,508,760.06,4
C24672107,37,247,389.75,3
C24716013,31,185,292.1,3
C24798005,46,288,444.96,4
C24857726,35,205,384.21,4
C24862375,48,295,498.66,4
C24896088,71,404,661.32,3
C24935636,60,325,496.93,3
C24940316,48,291,432.15,4
C24978812,53,255,384.93,4
C25047461,44,248,379.77,4
C25134033,63,346,585.13,4
C25154266,36,278,480.22,3
C25251995,40,181,304.89,4
C25278620,31,283,434.39,3
C25282653,59,255,440.7,4
C25327635,105,553,823.68,4
C25333633,68,421,690.76,3
C25350382,36,192,306.84,3
C25399121,43,345,505.47,4
C25404935,102,453,699.61,4
C25471853,67,556,784.37,4
C25473376,84,573,849.17,3
C25501640,57,385,644.82,4
C25539345,58,269,403.05,4
C25696341,72,306,471.42,4
C25714166,46,262,430.87,4
C25777728,84,447,662.2,4
C25803890,61,427,723.5,4
C25807508,74,378,574.98,3
C25906683,33,152,222.60999999999999,4
C25965203,66,385,646.36,4
C26058024,33,201,245.04,4
C26084115,35,200,315.17,4
C26084215,29,175,245.88,3
C26155619,80,519,763.01,4
C26178415,33,213,334.74,4
C26196920,83,463,683.1,4
C26224100,32,239,338.91,4
C26294754,54,248,427.23,4
C26319410,39,291,448.1,4
C26368410,45,357,494.38,2
C26403272,73,500,809.08,4
C26456476,66,322,519.68,4
C26478705,63,421,642.55,4
C26554553,82,601,921.64,4
C26607937,53,309,448.25,4
C26641950,61,276,411.81,4
C26802853,37,296,480.86,4
C26815946,63,343,482.61,4
C26822458,59,370,529.14,4
C26886865,70,384,562.46,3
C26949993,35,284,398.99,4
C27160677,75,574,926.74,4
C27172050,43,307,505.84000000000003,4
C27174127,51,309,431.51,4
C27186769,68,499,793.98,3
C27206739,63,253,394.74,4
C27274477,36,196,293.56,3
C27278549,32,216,353.7,4
C27294124,54,383,663.84,4
C27390238,45,435,618.7,3
C27483702,38,220,333.99,4
C27498284,61,302,462.11,4
C27645530,38,197,333.1,4
C27748302,43,287,477.0,4
C27775613,28,240,364.37,4
C27787826,72,364,499.37,2
C27828943,41,335,521.43,3
C27838137,42,366,587.56,4
C27869424,31,230,413.29,4
C27870586,52,266,418.01,4
C27881597,40,265,405.19,4
C27910335,39,256,369.92,4
C27926353,37,258,435.44,4
C27926642,80,484,773.95,4
C27928340,46,273,424.53,4
C27952832,46,288,424.90000000000003,4
C28006105,39,202,259.58,4
C28153857,49,455,660.19,4
C28178560,56,376,511.99,4
C28253078,72,323,509.61,4
C28283879,49,295,519.65,4
C28294177,43,311,546.9,4
C28300505,28,160,278.92,4
C28311514,43,307,477.72,4
C28353603,76,437,676.23,4
C28378189,71,343,558.54,4
C28451561,35,152,227.54999999999998,4
C28453951,40,209,353.58,3
C28466750,43,293,510.72,4
C28503496,66,376,591.0,3
C28566172,65,372,613.87,4
C28616741,32,233,350.15999999999997,4
C28663270,35,232,330.28,4
C28686178,57,307,462.39,4
C28701157,45,366,519.48,4
C28766227,38,310,396.44,4
C28819938,47,274,458.7,4
C28842688,48,252,358.55,4
C28883925,36,155,238.66,4
C28925530,37,293,482.21000000000004,4
C28927652,39,233,354.5,4
C28938351,41,296,430.67,4
C28972552,52,363,535.86,3
C29070101,79,341,589.09,4
C29084339,69,392,595.85,4
C29226416,63,319,475.96999999999997,4
C29231763,52,329,583.53,4
C29251882,60,415,653.89,3
C29271084,62,350,560.42,4
C29273048,40,223,381.55,3
C29277661,56,329,503.65000000000003,4
C29376394,37,241,361.46999999999997,4
C29400786,80,373,571.33,4
C29429941,41,177,292.33,3
C29458292,64,291,401.25,3
C29485601,76,313,475.18,4
C29523053,71,330,517.7,4
C29524172,56,307,494.01,3
C29571831,74,482,685.16,4
C29617350,53,347,553.16,4
C29635881,66,351,521.55,4
C29666948,43,341,523.54,4
C29742859,70,414,629.1,4
C29774268,75,484,762.29,4
C29793551,53,240,360.07,4
C29811621,53,296,454.15999999999997,4
C29814927,52,424,620.61,4
C29838841,30,219,355.14,4
C29859785,46,202,297.72,4
C30088907,51,454,607.97,3
C30099611,57,393,609.86,4
C30117084,54,268,446.23,4
C30189929,93,630,956.56,4
C30194384,72,425,717.33,3
C30225874,32,335,525.54,4
C30230446,68,341,555.6,4
C30250172,38,160,252.64000000000001,4
C30270526,25,203,279.42,4
C30285389,71,467,725.68,4
C30503987,58,339,508.66,4
C30607686,52,360,597.33,4
C30649463,85,435,642.13,4
C30658686,77,491,756.15,4
C30781777,43,281,432.49,4
C30788133,92,553,813.56,4
C30836212,57,408,649.37,4
C30848131,44,238,366.40999999999997,3
C30872086,82,547,847.41,4
C30875900,62,330,466.23,3
C30882267,51,257,417.7,4
C30928163,83,564,828.31,3
C30939037,48,259,404.04,3
C30947859,48,287,467.17,3
C31005453,86,465,756.85,4
C31123997,40,291,414.2,2
C31149627,43,270,421.6,3
C31158692,106,606,951.28,4
C31253277,41,271,443.42,3
C31294687,34,238,397.88,3
C31401435,60,331,514.24,4
C31409486,38,336,458.03,4
C31429735,38,299,456.21999999999997,3
C31451907,44,351,567.89,4
C31529283,61,318,504.74,4
C31618088,57,290,453.07,4
C31711266,41,258,372.42,4
C31762254,42,248,413.76,4
C31763318,72,323,555.86,4
C31775164,45,253,379.71999999999997,3
C31802849,45,465,810.21,3
C31856890,78,545,783.48,4
C31859296,51,431,636.4,4
C31873689,41,358,581.49,4
C31877844,76,358,528.25,4
C31949146,37,207,305.82,4
C31966315,69,347,562.07,3
C31967189,54,346,555.76,4
C31971867,63,357,592.63,4
C32012591,57,349,491.85,3
C32165475,40,397,582.22,4
C32186912,36,159,242.53,4
C32264218,53,326,463.69,4
C32351433,68,377,575.75,2
C32385930,41,310,485.71999999999997,4
C32409854,54,417,569.01,4
C32424545,56,247,380.61,4
C32449187,99,569,882.66,4
C32525216,45,328,477.3,4
C32628155,79,446,704.96,4
C32662700,49,271,438.52,4
C32672693,88,540,863.29,3
C32681152,55,267,399.25,4
C32761358,41,349,492.43,3
C32782541,38,290,454.52,4
C32785563,78,430,713.81,4
C32789637,55,317,501.42,4
C32855403,37,244,402.6,3
C32868851,59,329,543.13,3
C32899206,66,319,564.6,4
C32903460,99,654,1025.07,4
C33028389,52,402,629.39,4
C33029156,54,307,521.37,4
C33049697,43,235,397.95,4
C33064639,35,240,369.49,4
C33087708,67,395,667.05,4
C33102391,31,218,339.28,3
C33270370,34,267,431.5,4
C33377227,52,269,420.56,4
C33395238,30,282,425.02,3
C33433488,57,276,428.96999999999997,3
C33460590,94,658,1019.18,4
C33578364,66,388,651.59,4
C33748131,43,246,391.55,4
C33784413,57,328,464.51,4
C33804336,33,174,261.82,3
C33851675,57,309,494.12,4
C33875525,48,451,673.76,4
C33887342,46,398,546.55,4
C33917608,68,329,507.7,4
C33958604,62,462,657.39,4
C34035049,47,238,371.96,4
C34041289,48,282,417.74,4
C34041633,27,248,438.21,4
C34147371,57,397,607.78,4
C34242991,70,433,738.04,4
C34532089,64,269,433.17,4
C34559594,86,531,832.5600000000001,4
C34560901,94,529,825.15,4
C34575245,44,320,489.53,4
C34647093,39,226,345.51,4
C34747800,38,160,255.28,4
C34773499,38,263,478.56,4
C34829899,59,350,576.93,3
C34853973,94,497,727.27,4
C34893172,57,330,558.23,4
C34904364,39,203,345.26,4
C34915623,38,257,377.90999999999997,4
C34922003,39,237,420.09,4
C34934166,73,529,814.89,4
C34956102,69,396,631.76,2
C34959181,67,344,536.24,4
C34986160,57,412,657.54,4
C35095402,41,426,590.8,4
C35097790,39,330,506.96,3
C35104639,78,479,685.58,4
C35126195,44,210,353.48,4
C35176131,70,484,810.63,4
C35231226,70,494,724.01,4
C35264078,62,390,599.4,3
C35300281,84,503,734.0,4
C35355188,95,592,912.96,4
C35393887,34,179,265.40999999999997,4
C35415393,31,142,218.96,4
C35455311,61,341,544.87,4
C35495657,47,262,427.16,4
C35571522,61,337,565.54,4
C35600880,44,328,495.72,4
C35743834,57,390,619.9,4
C35753901,37,218,315.08,2
C35773975,41,256,405.67,3
C35818680,48,327,490.87,4
C35964336,76,454,658.12,4
C36061125,40,225,374.02,4
C36087507,36,251,407.4,4
C36092945,58,394,548.09,4
C36159524,52,452,742.54,4
C36260999,71,471,683.85,4
C36293282,63,350,554.99,3
C36392900,81,640,934.53,4
C36533018,67,328,515.11,4
C36685225,88,579,943.79,4
C36697658,60,225,384.12,4
C36734017,83,575,901.99,4
C36736935,82,379,607.36,4
C36755200,69,391,591.98,4
C36766373,81,568,900.93,4
C36771748,50,347,464.61,4
C36818991,78,475,712.08,4
C36923000,54,277,476.18,4
C36944256,86,462,736.27,4
C36984955,64,320,487.19,4
C36999661,35,202,328.28,4
C37056047,27,196,301.18,4
C37147316,37,307,506.84,4
C37184035,53,402,541.99,4
C37211463,59,269,468.62,4
C37255713,54,281,515.75,4
C37366106,55,394,566.21,4
C37393627,58,350,529.34,4
C37417082,78,514,765.47,4
C37528081,77,484,724.53,4
C37550110,63,365,624.3,4
C37562769,89,651,978.15,3
C37589390,52,242,398.21,3
C37646657,79,333,493.63,4
C37669140,40,258,405.12,3
C37681379,70,313,527.17,4
C37748021,99,604,926.96,4
C37839601,54,464,741.78,4
C37894355,63,550,825.2,4
C37907805,40,240,381.5,3
C38000328,89,504,804.96,4
C38041026,65,334,557.34,3
C38053096,91,471,695.35,4
C38185045,38,187,322.8,4
C38263906,36,336,446.69,3
C38274418,82,375,562.8,3
C38278357,52,212,347.2,3
C38404100,31,185,349.19,4
C38445040,65,343,571.22,4
C38472131,35,241,341.69,4
C38483504,72,376,652.43,4
C38502681,29,256,388.78999999999996,4
C38662533,70,435,642.81,4
C38744611,60,452,700.85,4
C38746405,52,272,414.47,4
C38754500,81,458,688.64,4
C38764301,70,456,683.15,4
C38790947,44,357,590.81,4
C38840439,60,530,735.71,4
C38887789,53,312,434.59,4
C39018593,95,481,768.93,4
C39078559,62,392,646.87,4
C39176041,96,566,861.31,4
C39211158,54,267,421.94,3
C39239936,54,318,545.35,4
C39279373,47,292,465.22,4
C39331958,47,206,328.06,4
C39337008,36,161,277.53000000000003,4
C39470376,64,358,568.47,3
C39481522,40,264,435.57,3
C39525834,58,350,569.71,4
C39528724,62,337,536.69,4
C39560548,58,344,511.36,4
C39604565,31,222,366.65999999999997,4
C39613145,51,274,396.28000000000003,4
C39650434,81,441,629.22,4
C39666269,34,216,397.27,4
C39754681,74,426,667.3,4
C39768639,71,411,689.45,3
C39786679,44,284,456.93,4
C39789027,37,231,383.44,4
C39860649,69,456,783.61,4
C39886995,37,222,327.02,4
C39897575,66,620,862.57,4
C39927923,67,362,629.93,4
C39978013,70,545,765.18,4
C40050617,55,292,479.05,4
C40080307,52,354,520.1,4
C40087130,39,246,328.94,4
C40108034,83,492,709.55,4
C40211130,79,550,819.72,4
C40223367,69,318,436.14,3
C40254506,47,363,538.15,3
C40260923,47,234,410.76,4
C40280778,58,505,831.94,4
C40287319,39,240,396.44,4
C40289113,40,244,410.98,2
C40362724,56,446,666.83,4
C40512919,50,276,431.67,4
C40669708,37,314,399.11,4
C40683587,94,480,787.41,4
C40718052,54,366,526.53,4
C40719594,68,393,614.23,4
C40850368,85,550,749.53,4
C40874584,73,419,718.27,4
C40927221,78,362,563.15,4
C41018616,83,531,815.17,4
C41054632,60,222,369.76,3
C41072234,49,299,448.21999999999997,3
C41098654,55,327,562.84,4
C41109159,82,373,609.63,4
C41208255,46,288,373.61,3
C41230853,38,381,512.37,4
C41270647,42,264,413.11,4
C41393164,53,443,645.48,2
C41407291,54,304,497.56,4
C41411404,71,429,725.99,4
C41416659,95,650,945.0,4
C41466893,36,202,302.62,4
C41477859,90,712,1100.84,4
C41490658,64,349,549.46,3
C41511079,92,508,763.09,4
C41540422,79,560,835.3100000000001,4
C41557908,60,345,619.28,3
C41581571,35,200,260.39,4
C41602059,37,161,279.83,4
C41708874,41,271,414.24,3
C41748695,68,547,755.46,4
C41812157,48,222,314.91,3
C41819904,54,382,580.35,3
C41906926,39,291,377.88,3
C41943614,44,267,429.23,3
C41994964,52,370,580.67,4
C42001066,58,511,722.68,4
C42105515,97,536,835.67,4
C42108993,42,213,295.4,4
C42163532,39,230,318.18,4
C42166091,35,253,439.39,4
C42175417,35,181,281.33,4
C42292515,84,505,806.42,3
C42334824,60,340,527.09,4
C42339735,58,507,712.85,4
C42362307,34,255,383.69,4
C42518382,91,615,957.92,4
C42575539,61,482,688.77,4
C42793739,71,373,592.89,4
C42899104,40,230,343.78,4
C42914044,49,458,677.65,4
C42987151,52,403,640.7,4
C43040440,73,526,803.79,4
C43083092,39,288,488.82,4
C43093961,57,373,552.23,4
C43129127,63,386,537.43,4
C43133807,61,416,612.3000000000001,4
C43172033,50,226,326.86,3
C43229971,68,391,670.62,3
C43232183,36,206,327.73,4
C43280000,28,168,253.87,3
C43304999,73,359,582.78,4
C43323918,51,409,606.57,4
C43334511,68,422,647.09,4
C43348036,93,626,1003.84,4
C43355225,38,190,306.4,4
C43365049,56,289,440.47,4
C43478971,65,354,534.73,3
C43526472,56,503,740.4,4
C43581749,62,318,487.98,4
C43592133,45,234,353.46,4
C43613929,43,230,423.86,4
C43631850,52,425,597.65,4
C43717280,88,517,837.51,4
C43724683,34,253,429.75,4
C43769294,67,411,688.79,4
C43837567,31,323,499.96,3
C43856868,43,258,399.40999999999997,4
C43959130,45,297,407.77,4
C44051470,39,298,400.24,3
C44158184,63,398,572.59,4
C44223265,61,347,555.77,4
C44259883,43,339,490.2,3
C44303315,42,348,528.04,4
C44326602,52,362,545.43,3
C44340092,54,377,570.37,3
C44379484,86,516,829.92,4
C44514215,60,330,540.73,3
C44556648,33,203,317.7,3
C44616975,53,341,508.93,3
C44828059,77,410,596.94,3
C44841043,65,460,673.35,4
C44842432,95,656,1031.76,4
C44897830,45,352,519.9,4
C44938271,35,266,432.7,2
C44964042,75,333,470.15999999999997,3
C45088548,100,758,1164.52,4
C45111735,66,432,674.51,4
C45174647,46,288,388.13,3
C45334390,44,359,549.41,4
C45344969,35,176,280.36,3
C45386071,52,279,474.07,3
C45392526,60,405,568.18,4
C45440957,71,464,694.92,4
C45460548,67,384,604.1,4
C45522329,47,260,463.14,4
C45550850,61,428,727.58,4
C45589446,40,259,324.97,3
C45628679,61,351,507.06,4
C45720718,47,294,426.83,4
C45769327,57,253,400.39,4
C45785513,42,254,381.69,4
C45803654,77,450,663.35,4
C45822157,113,686,978.01,4
C45876583,72,431,653.58,4
C45886512,100,577,883.06,4
C45961003,64,380,628.51,4
C46100771,41,247,385.3,4
C46110761,91,602,904.6,4
C46209914,34,206,347.92,4
C46214153,42,271,365.77,3
C46410797,94,538,831.1700000000001,4
C46426920,42,229,377.8,4
C46435889,94,592,888.41,4
C46440642,64,469,632.08,4
C46492056,63,327,526.4,3
C46494115,45,234,373.16,3
C46543407,67,417,665.81,4
C46551060,72,480,767.3,4
C46585592,44,294,422.62,4
C46591052,85,526,837.2,4
C46593498,50,319,450.62,3
C46612584,86,437,742.27,4
C46618304,47,410,606.33,4
C46630151,48,291,450.1,4
C46640393,87,663,1019.78,4
C46641458,60,332,502.78,4
C46642745,75,443,651.99,4
C46697798,48,319,480.17,4
C46707793,42,288,448.6,4
C46730495,44,293,467.6,4
C46766012,44,257,346.94,4
C46835317,35,236,306.66,4
C46910677,36,240,402.14,4
C46949723,104,500,762.5,4
C47035458,57,372,582.96,4
C47058074,60,272,420.14,4
C47124593,64,434,669.51,3
C47129713,39,267,382.11,4
C47140675,56,413,655.22,4
C47156530,38,245,343.69,4
C47173387,50,324,549.85,4
C47206224,65,356,534.77,4
C47227415,43,308,499.09999999999997,4
C47389241,51,403,631.52,4
C47404815,38,301,462.96,3
C47532609,75,369,624.09,4
C47562712,86,417,648.55,4
C47586353,42,265,398.37,3
C47603869,41,358,620.56,4
C47608971,41,289,441.84,4
C47712961,40,224,348.65999999999997,3
C47716352,32,316,399.51,3
C47737508,52,424,613.79,4
C47818985,57,364,562.11,3
C47868909,59,358,551.25,4
C47938260,52,363,490.27,4
C47986636,81,458,727.4300000000001,4
C48126953,42,327,437.52000000000004,4
C48173993,31,219,337.93,4
C48235928,101,637,923.57,4
C48250725,68,424,638.91,4
C48318406,53,347,496.81,3
C48445867,57,445,724.21,4
C48484105,77,368,571.19,4
C48485339,107,550,862.71,4
C48494171,83,506,721.49,4
C48543940,44,299,435.65,3
C48550128,63,418,660.61,4
C48623396,57,352,551.92,4
C48625130,106,675,940.06,4
C48628020,68,290,462.40999999999997,4
C48697932,43,258,386.33,3
C48752343,61,325,550.35,4
C48759332,42,249,352.3,4
C48773170,28,235,336.5,3
C48822225,71,440,716.0500000000001,4
C48822825,64,360,529.35,4
C48855569,57,429,638.5699999999999,4
C48857313,42,252,418.89,4
C48883259,44,346,562.56,4
C48890211,60,454,755.98,4
C48923111,44,252,399.52,4
C49016225,36,202,360.40000000000003,4
C49032678,52,307,449.28,4
C49176316,51,337,598.65,4
C49284335,36,278,385.83,3
C49297006,60,308,558.81,4
C49327358,40,260,493.01,4
C49330954,62,302,424.19,4
C49430394,29,203,315.54,3
C49624771,90,517,914.06,4
C49673776,40,300,450.4,4
C49689259,46,396,553.45,3
C49711198,55,456,772.24,4
C49721582,24,178,299.52,3
C49751646,44,253,389.39,4
C49797048,32,167,284.63,4
C49897200,73,555,824.91,4
C49898805,41,198,295.31,4
C49938609,40,287,416.9,4
C49970614,49,336,536.6,4
C49974811,44,239,370.82,4
C49988271,61,378,534.13,4
C50026435,36,230,376.41,4
C50026662,35,245,432.53000000000003,4
C50098452,39,335,475.5,4
C50102498,41,270,404.07,4
C50117701,50,216,362.63,4
C50163966,41,326,490.29,4
C50249150,77,529,841.6,3
C50322323,61,438,622.46,4
C50387317,33,276,442.82,4
C50410714,59,355,541.58,4
C50428544,43,195,304.61,4
C50485225,41,288,414.09,4
C50547779,55,371,549.5600000000001,4
C50603486,69,351,589.66,3
C50740228,79,435,615.32,4
C50772977,52,288,435.04,4
C50780353,41,280,423.1,3
C50889612,40,269,400.84,4
C50926081,42,256,361.66,4
C50938892,53,295,583.77,4
C50939078,34,194,275.72,3
C50966962,41,252,428.67,4
C51029325,105,686,1117.6,4
C51054055,79,439,665.0,4
C51059361,47,223,364.94,4
C51149396,30,238,335.42,4
C51223495,40,213,330.63,4
C51233622,23,139,172.91000000000003,3
C51302075,38,222,380.55,4
C51394025,61,340,617.84,4
C51534018,41,240,335.22,3
C51599160,68,472,768.07,4
C51709761,108,639,964.8199999999999,4
C51750948,48,264,423.07,4
C51811254,70,403,586.31,4
C51866996,47,365,540.09,3
C51882982,62,241,367.71999999999997,4
C51911544,35,259,431.39,2
C51931179,41,185,316.59,4
C51945717,29,183,285.53,4
C51965613,31,258,475.68,3
C51984115,36,242,368.37,3
C52050571,59,339,508.82,3
C52076654,69,293,459.36,4
C52097836,92,656,1022.49,4
C52110233,46,256,416.85,4
C52115566,67,404,638.2,4
C52269254,34,242,423.09,3
C52292185,47,422,631.74,3
C52316902,64,263,412.33,3
C52322197,59,306,445.24,4
C52357102,50,263,413.76,3
C52376763,43,337,501.38,4
C52402589,37,234,375.04,4
C52409590,49,359,536.16,4
C52410938,40,303,531.3,4
C52500980,59,359,577.52,4
C52532429,72,619,891.84,4
C52641921,48,231,388.62,3
C52732091,36,221,361.66,4
C52743400,35,246,355.49,4
C52803783,34,196,304.31,3
C52805257,44,265,437.11,4
C52817082,44,256,385.03,4
C52886930,105,542,822.55,4
C52903273,61,382,617.12,4
C52939535,56,348,495.11,4
C52997563,39,256,392.63,4
C53103499,49,346,571.79,4
C53160621,102,459,733.78,4
C53168534,36,212,355.28,3
C53247847,59,334,537.35,4
C53288301,72,409,565.92,4
C53395286,65,315,470.12,4
C53441785,42,248,420.0,4
C53522612,36,299,441.96999999999997,4
C53650141,57,398,636.64,3
C53694488,67,486,696.91,4
C53732757,51,355,553.44,4
C53742517,36,169,258.24,4
C53750308,42,286,488.03,3
C53790276,62,398,599.39,4
C53838881,48,322,455.52,4
C53852574,51,316,480.52,4
C53857255,41,265,365.57,4
C53920296,55,377,620.53,4
C53931379,100,661,934.86,4
C53979244,70,344,488.22,4
C54050615,74,454,728.95,4
C54297123,45,331,535.48,4
C54312989,57,439,781.64,3
C54346891,49,241,342.44,4
C54382833,52,310,481.07,4
C54405200,45,322,447.58,4
C54494704,45,300,467.17,4
C54499977,48,307,513.72,3
C54542448,64,337,535.02,4
C54545910,39,196,339.34000000000003,4
C54552898,51,273,446.69,4
C54597366,48,360,591.11,3
C54613403,72,397,590.54,4
C54630630,31,216,306.08,4
C54693151,54,299,480.6,4
C54701708,62,305,476.15,4
C54781232,48,303,463.49,4
C54810877,66,377,559.17,4
C54896051,40,328,537.16,4
C54909731,45,321,451.1,4
C54946635,64,352,550.59,4
C54947538,64,414,602.86,4
C54970544,34,218,344.19,3
C55084185,46,265,414.81,3
C55132163,92,565,878.41,4
C55174796,92,516,811.99,4
C55199794,32,177,315.85,3
C55237896,47,293,472.99,4
C55241614,37,269,429.90999999999997,4
C55257309,80,493,769.78,4
C55326866,72,388,622.71,4
C55409344,47,340,477.55,4
C55423449,52,263,412.39,4
C55450042,50,369,584.7,4
C55545685,38,310,451.95,4
C55690480,73,379,569.33,4
C55743503,79,404,639.73,4
C55752941,34,279,427.0,3
C55814307,79,455,701.3,3
C55831120,91,597,985.21,3
C55848746,83,443,690.33,4
C55938577,97,674,1049.01,4
C55972353,48,406,557.67,4
C56041379,37,215,314.37,4
C56181389,47,299,406.46,3
C56269830,54,243,373.72,4
C56274564,71,499,832.05,4
C56300164,60,372,579.46,4
C56313751,105,512,823.23,4
C56359126,77,402,643.5,3
C56407303,86,596,952.86,4
C56423283,43,282,472.49,4
C56428046,49,259,405.68,3
C56608787,91,535,833.96,3
C56634219,85,376,622.62,4
C56637277,50,319,435.56,4
C56670326,61,397,604.16,4
C56673752,33,227,425.53,4
C56727560,37,223,390.31,4
C56732634,49,244,356.19,4
C56959365,41,235,394.52,3
C56966371,39,196,283.87,2
C56993723,68,413,640.72,4
C57005230,59,401,537.21,4
C57006409,59,361,587.69,3
C57159734,32,219,267.7,4
C57205324,53,317,495.45,4
C57215343,47,344,532.72,4
C57290156,44,313,464.78000000000003,4
C57336176,84,475,680.49,4
C57478090,47,214,355.29,3
C57482908,59,435,643.46,3
C57498120,45,300,512.88,4
C57499963,49,360,534.62,4
C57547142,51,410,611.01,3
C57547452,74,450,704.91,4
C57563133,76,467,756.75,4
C57578947,72,401,572.36,4
C57712472,29,177,250.76,4
C57722257,65,307,490.63,4
C57754975,110,582,860.85,4
C57776145,38,289,408.9,3
C57861684,93,566,862.27,4
C57946556,66,399,617.65,4
C57979977,27,151,193.17,3
C58024817,84,626,1006.45,4
C58091075,48,354,552.15,4
C58139851,64,440,711.92,4
C58170907,42,266,467.38,3
C58180551,61,383,531.84,4
C58196372,79,560,842.6899999999999,4
C58213826,54,354,522.16,4
C58353663,49,245,385.08,4
C58377614,44,259,435.38,4
C58434390,69,397,646.0,3
C58450936,59,289,413.73,4
C58499053,39,195,289.92,4
C58531560,72,383,633.55,3
C58553120,30,172,281.46,4
C58590874,64,404,606.5,4
C58599027,54,436,654.2,4
C58605823,55,307,444.62,4
C58614284,41,232,396.35,4
C58654528,42,206,312.11,4
C58680073,39,216,314.94,4
C58696918,62,321,535.81,3
C58713579,56,395,590.89,4
C58801863,36,167,266.78,3
C58838911,43,244,348.78000000000003,4
C58857976,30,185,336.37,4
C58879176,72,453,680.19,4
C58893658,39,221,388.4,4
C58910883,74,385,574.18,4
C58935992,49,290,462.96999999999997,4
C59206124,43,223,384.23,3
C59225301,71,586,790.87,4
C59309999,46,395,577.98,4
C59337759,48,245,407.38,2
C59443695,28,268,373.83,3
C59460401,56,263,362.45,4
C59462098,72,331,544.57,4
C59539636,50,253,400.05,4
C59541171,44,195,321.78000000000003,3
C59549071,60,299,468.52,4
C59608102,37,236,384.93,3
C59657730,39,305,525.42,3
C59669410,60,380,587.07,4
C59673325,47,237,424.07,4
C59732908,43,327,502.57,3
C59742167,39,174,303.84000000000003,4
C59839876,68,442,724.09,4
C59841457,50,355,511.69,4
C59865747,48,338,536.62,4
C59871760,37,278,428.69,4
C59905787,46,279,368.56,3
C59944162,36,233,343.92,4
C59950524,78,435,663.5699999999999,4
C60071466,68,361,561.79,4
C60096211,57,247,396.35,4
C60164239,60,442,692.72,4
C60334516,64,362,533.25,4
C60389401,50,314,458.36,3
C60426879,63,378,580.22,3
C60437293,62,403,541.33,4
C60530504,42,259,412.52,3
C60571798,49,314,463.28,4
C60581962,28,157,254.35,3
C60775053,46,364,576.22,3
C60787106,42,255,394.85,4
C60879668,67,341,503.53000000000003,4
C60944018,52,238,361.61,3
C60960113,50,418,632.12,4
C60969707,57,394,584.58,4
C61005024,65,380,649.63,3
C61122998,31,250,379.57,4
C61130117,50,320,479.89,4
C61193884,46,423,708.66,3
C61327501,37,312,497.63,3
C61367981,38,207,289.62,4
C61470614,42,317,524.52,4
C61482535,58,417,626.66,3
C61485643,94,660,1067.74,4
C61518299,37,290,428.37,4
C61527775,39,300,495.16,3
C61534705,75,413,658.76,4
C61535146,38,264,407.53,4
C61571880,42,290,410.52,4
C61588335,49,274,424.93,4
C61775293,49,271,443.27,4
C61788382,56,357,547.4399999999999,4
C61844571,58,401,553.6800000000001,4
C61892934,58,345,528.61,4
C61910404,71,431,620.1899999999999,4
C61998386,65,334,467.71,4
C62027468,70,466,721.11,4
C62040762,48,244,374.36,3
C62139239,58,395,574.07,4
C62215227,63,325,456.32,4
C62380164,79,536,930.38,4
C62399945,37,204,290.28000000000003,3
C62422239,75,406,605.22,4
C62441307,65,317,476.90999999999997,3
C62464105,46,337,535.24,4
C62533299,42,234,404.25,4
C62557133,67,440,649.13,4
C62575293,36,274,455.96999999999997,2
C62596254,49,264,417.12,4
C62708539,37,226,357.58,4
C62718301,36,233,361.54,4
C62778048,70,370,562.7,4
C62933428,84,418,639.0,4
C62960883,55,453,645.93,4
C62968508,57,244,405.42,3
C62994993,68,329,523.25,3
C63013159,59,371,545.02,4
C63080827,57,344,537.4300000000001,4
C63177761,35,224,293.26,4
C63197503,83,393,635.3100000000001,4
C63296447,43,284,388.84,4
C63337017,82,509,799.13,4
C63353965,41,249,328.14,4
C63379025,33,161,235.05,3
C63392496,45,314,441.35,4
C63461376,62,292,462.83,4
C63466283,64,370,535.26,4
C63471243,67,513,767.8199999999999,4
C63483668,73,505,783.01,4
C63524499,75,447,644.41,4
C63540339,50,254,423.08,3
C63569439,42,284,354.88,3
C63610571,48,307,427.38,4
C63681856,71,453,771.12,3
C63756030,52,312,495.6,4
C63812646,73,451,725.28,4
C63912427,62,263,452.23,2
C63980897,51,312,498.22,4
C63999251,32,178,303.29,4
C64016868,39,182,290.28,4
C64132949,63,349,595.51,4
C64169994,77,385,643.29,4
C64198406,84,509,775.24,4
C64364955,81,494,773.42,4
C64411662,84,498,774.0600000000001,4
C64415218,94,579,904.86,3
C64441021,100,593,961.89,4
C64451269,75,423,585.28,4
C64544532,57,369,558.84,4
C64580537,50,402,561.41,4
C64630406,70,410,576.19,4
C64642424,52,294,425.7,4
C64711079,40,305,478.26,3
C64818473,54,355,500.81,3
C64999077,88,350,555.88,4
C65123439,38,254,423.76,3
C65149426,42,185,308.34,4
C65195621,64,495,803.48,4
C65240119,56,325,513.32,4
C65289899,49,335,482.44,4
C65299267,58,396,609.81,3
C65439315,81,464,758.87,4
C65458475,31,175,260.57,4
C65478770,58,291,425.29,4
C65527674,49,495,772.43,4
C65548946,71,493,693.15,4
C65608413,94,496,771.9,4
C65611093,50,247,354.43,4
C65675248,43,276,416.55,3
C65719781,53,350,567.5,4
C65724142,43,296,413.32,4
C65771208,40,285,427.46,4
C65790380,62,354,573.89,4
C65800408,68,381,601.11,4
C65828303,62,390,552.76,4
C65830955,70,404,652.92,3
C65907869,60,320,504.11,4
C65963965,35,274,438.46,3
C65978939,37,225,356.15,3
C66066939,53,406,649.75,4
C66085437,72,393,607.94,4
C66201318,66,325,538.89,4
C66203095,63,384,675.24,4
C66250311,91,519,785.02,4
C66330732,46,265,379.09,3
C66358740,39,224,381.58,4
C66396047,47,266,406.59000000000003,4
C66407755,50,308,539.89,4
C66523942,29,161,244.44,3
C66739733,74,372,586.99,4
C66772206,33,215,345.11,3
C66869002,37,163,255.35999999999999,4
C66887508,45,249,399.86,4
C66898678,46,295,471.2,4
C66902122,32,233,348.26,4
C67245743,66,413,643.49,4
C67295282,77,415,618.2,4
C67312252,37,238,365.37,3
C67346598,37,272,448.5,4
C67407044,55,304,451.57,4
C67439074,58,389,513.72,4
C67561148,61,363,579.59,3
C67571955,84,416,680.86,3
C67579793,74,461,625.7,4
C67612574,65,359,545.34,3
C67613679,49,301,508.62,4
C67634380,49,293,434.62,3
C67642250,34,188,292.57,3
C67764041,38,199,322.34,4
C67779134,63,314,500.72,4
C67852074,51,276,452.5,4
C67901394,43,329,506.94,4
C67966665,76,486,754.17,4
C68001314,32,194,272.06,3
C68048318,95,642,904.01,4
C68114399,56,375,654.9499999999999,4
C68165664,54,377,610.47,4
C68171563,74,461,728.44,4
C68196016,90,668,1101.28,4
C68232756,43,414,649.87,4
C68239034,56,446,733.05,4
C68253100,48,353,533.48,4
C68362224,64,442,642.66,4
C68462245,48,367,594.67,4
C68464522,42,225,352.13,4
C68469114,87,465,712.04,4
C68481947,43,357,589.31,4
C68617960,42,281,517.9300000000001,4
C68671895,58,345,545.33,4
C68758770,49,310,472.58,4
C68830666,40,280,449.38,4
C68843127,54,238,390.93,4
C68857774,83,661,969.97,4
C68922131,65,394,590.13,4
C68933777,49,262,444.49,4
C68938823,64,320,449.9,4
C68948076,87,539,812.26,4
C68982198,43,277,391.46,4
C69017962,67,386,657.08,3
C69031620,63,391,612.85,4
C69055700,46,320,450.58,4
C69156012,48,267,424.01,4
C69167349,38,357,587.48,4
C69208568,69,542,881.2,3
C69236212,65,374,605.78,3
C69246997,70,384,615.7,4
C69297647,63,370,585.19,3
C69344237,37,256,454.84,4
C69378467,37,187,294.92,4
C69430666,69,478,708.96,4
C69516653,54,275,429.02,4
C69529265,69,418,598.68,4
C69555034,59,308,515.83,4
C69657721,53,387,643.47,4
C69700165,39,173,278.7,3
C69823604,70,439,647.75,4
C69829456,35,194,287.02,4
C69855032,54,352,579.72,4
C69873349,80,399,653.01,4
C69978127,67,399,640.8100000000001,4
C69980316,85,510,803.6,4
C69981774,39,161,240.82,4
C70061662,67,348,556.61,4
C70204677,67,390,597.65,3
C70258789,67,619,960.7,4
C70318193,81,430,628.72,4
C70370966,35,231,365.8,4
C70374107,58,286,438.05,3
C70468686,58,425,670.86,4
C70494659,78,461,690.52,4
C70507332,56,345,517.28,3
C70525222,57,438,684.18,4
C70568709,83,528,758.71,4
C70586389,53,296,497.15,4
C70702016,54,418,655.76,4
C70736043,44,241,400.15,4
C70815563,45,268,432.4,4
C70848517,57,388,652.36,4
C70940948,43,197,300.84,3
C71008852,79,428,690.42,4
C71077870,45,238,350.3,4
C71092988,51,264,461.47,4
C71097016,49,193,344.39,4
C71101581,41,238,353.04,4
C71105545,33,279,360.69,3
C71164804,36,211,304.41,4
C71274904,47,331,512.15,4
C71336402,58,391,560.25,4
C71360038,68,353,535.46,4
C71428719,95,717,1024.51,4
C71448936,28,170,256.3,2
C71604905,66,334,536.8,3
C71702305,72,600,934.54,4
C71705434,46,262,405.52,2
C71715639,40,277,387.57,4
C71779577,42,246,373.81,4
C71870012,107,620,977.21,4
C71870145,55,292,455.33,4
C71882150,40,269,438.33,3
C71971831,71,387,653.76,4
C72001602,46,291,443.52,3
C72027279,42,403,639.05,4
C72240289,90,569,888.3,4
C72318238,54,416,618.89,4
C72328643,31,213,344.71999999999997,4
C72358086,64,387,598.83,4
C72402676,43,232,342.78000000000003,4
C72447235,76,428,636.87,4
C72512103,75,399,555.01,4
C72547526,64,430,656.33,4
C72549686,34,293,458.28000000000003,3
C72641718,34,249,397.98,3
C72649430,107,643,1038.78,4
C72683276,58,240,351.03,4
C72780517,32,188,272.34,4
C72781722,32,185,280.88,4
C72818508,104,584,956.59,4
C72861948,82,394,652.83,4
C72900309,67,347,535.78,2
C72903060,64,435,680.62,4
C72911380,58,377,548.63,4
C72922827,36,244,367.33,4
C72929697,78,595,872.3000000000001,4
C72946384,47,308,445.4,2
C72987209,62,455,726.97,4
C72993142,70,382,567.58,4
C73007571,73,419,658.76,4
C73013678,48,275,452.12,4
C73088729,56,406,578.76,3
C73090465,41,251,323.81,3
C73122359,47,267,460.64,4
C73149032,54,311,476.48,4
C73149518,42,356,527.88,4
C73161424,66,407,726.52,4
C73355098,71,469,764.08,3
C73419501,51,300,439.37,3
C73466616,44,313,478.69,4
C73557363,60,502,823.6,4
C73611325,106,635,959.55,4
C73640925,37,222,331.28,4
C73713530,89,495,736.54,4
C73725634,37,198,292.0,4
C73735663,45,249,405.5,4
C73750586,39,220,326.71,4
C73898045,37,235,436.76,4
C73916893,49,316,556.54,3
C73927001,49,262,384.06,4
C73946451,88,585,901.7,4
C73960523,66,403,622.85,4
C74024282,37,211,323.92,4
C74038436,65,289,433.22,4
C74087258,52,293,420.5,4
C74149354,42,240,404.62,3
C74182935,40,312,485.68,4
C74198430,41,300,482.28,3
C74206320,63,405,600.39,3
C74212037,70,403,665.27,4
C74246678,48,256,388.08,4
C74247214,42,235,376.46,4
C74274316,95,652,1133.94,4
C74402748,56,436,676.34,4
C74414246,51,349,530.77,3
C74511354,38,231,346.34999999999997,4
C74528447,96,639,1017.8,4
C74549955,55,257,444.24,4
C74567239,41,297,453.24,4
C74567968,62,359,566.34,4
C74692552,56,357,537.34,3
C74756022,73,431,657.69,4
C74762091,52,242,347.41,4
C74811381,35,204,310.13,4
C74817988,54,306,440.99,4
C74868598,29,221,308.15,4
C74909357,55,296,439.09,3
C75026163,111,627,931.87,4
C75035235,32,191,256.84,3
C75056320,45,331,482.81,4
C75067406,46,279,421.03000000000003,3
C75126012,57,313,496.03,4
C75148213,38,266,394.31,3
C75171710,36,233,341.06,4
C75207415,87,595,935.23,4
C75227935,44,355,553.37,3
C75233319,68,405,635.61,4
C75252058,50,252,433.96,3
C75311790,43,309,487.65,4
C75315818,65,485,727.46,4
C75370747,88,446,679.0,4
C75392415,57,281,466.15000000000003,4
C75479461,45,246,378.79,4
C75510489,40,230,345.66,4
C75515303,73,382,582.14,2
C75610802,66,517,805.05,3
C75633644,55,385,536.86,3
C75685323,74,529,786.5,4
C75689508,54,347,480.08,4
C75703304,41,248,359.0,4
C75710342,35,223,337.28,4
C75719710,35,188,298.76,3
C75769972,104,643,990.73,4
C75870770,75,510,784.41,4
C75873197,66,347,577.6,4
C75886613,60,280,483.24,4
C75895016,66,353,594.02,3
C75898195,43,265,427.98,4
C75936876,60,429,677.03,4
C76005652,50,308,497.65,4
C76031634,72,490,750.43,4
C76042634,70,402,668.09,4
C76044113,42,312,445.09999999999997,4
C76111669,44,275,398.95,4
C76149136,75,487,800.36,4
C76201067,86,471,736.24,4
C76201141,29,236,329.72,4
C76215429,60,275,449.82,4
C76215873,72,323,461.96,4
C76255872,40,264,425.3,4
C76298327,30,197,299.65,3
C76331867,71,496,753.0,4
C76352936,92,486,818.36,4
C76374738,73,384,628.34,4
C76395918,37,215,330.93,4
C76401111,55,337,532.0,4
C76428668,46,306,509.62,3
C76465161,41,267,420.8,4
C76494471,39,294,461.27,4
C76503400,71,559,918.51,4
C76556438,96,531,791.16,4
C76560668,77,443,639.43,4
C76600834,31,162,244.29,4
C76665195,48,344,575.6,4
C76738966,59,423,666.74,4
C76961178,42,347,584.33,4
C76973207,40,231,332.96999999999997,4
C77059692,40,303,428.2,3
C77225097,70,398,606.43,4
C77294823,43,294,482.06,4
C77351662,46,299,481.8,4
C77373638,49,315,503.38,4
C77411250,78,575,934.19,4
C77450082,52,294,461.09,4
C77540541,48,224,368.18,4
C77609085,52,371,621.61,4
C77624769,40,220,332.99,3
C77783706,109,658,1002.78,4
C77799634,57,251,437.12,4
C77860798,51,269,430.75,4
C77895226,64,299,433.49,4
C77972043,53,272,416.76,4
C77988274,57,393,657.17,4
C78014004,31,270,415.44,4
C78112767,41,251,429.42,4
C78155888,80,488,758.1899999999999,3
C78165748,73,383,651.8,4
C78194235,43,244,394.95,4
C78300302,51,323,463.34,3
C78329627,48,342,576.59,4
C78335221,47,256,429.2,4
C78440282,63,298,476.28000000000003,4
C78451581,54,289,497.52,4
C78527427,52,382,559.07,4
C78634472,39,260,382.18,4
C78751836,83,562,837.79,4
C78778664,50,289,434.5,4
C78858384,63,270,435.98,3
C78861152,37,221,398.12,3
C78884439,51,375,490.65,3
C78912493,51,324,516.28,4
C79024691,49,283,413.15,4
C79024918,45,173,297.9,4
C79037182,54,497,708.15,4
C79044714,40,281,400.65,3
C79163126,95,559,842.0,4
C79425910,47,254,391.08,4
C79492956,39,250,397.11,4
C79498913,42,259,374.75,4
C79513125,43,283,429.58,4
C79515839,61,320,556.54,4
C79557208,72,437,699.24,4
C79614903,66,316,460.58,4
C79633893,32,193,285.15,3
C79733706,74,360,583.76,3
C79735705,71,396,666.13,3
C79761687,56,393,620.5600000000001,4
C79796799,54,454,710.98,4
C79894782,56,323,477.02,3
C79913959,41,205,337.71999999999997,4
C79931970,106,519,804.04,4
C80125334,41,205,355.17,4
C80215605,37,226,356.32,4
C80227973,60,475,673.8199999999999,4
C80322229,33,288,432.42,4
C80454018,42,227,342.31,4
C80487000,34,156,254.82999999999998,4
C80558369,39,284,437.79,4
C80670027,72,380,564.9,4
C80682476,41,248,362.53,3
C80709458,39,288,415.27,4
C80719381,72,367,595.78,4
C80752849,39,208,357.04,4
C80763834,47,396,551.35,3
C80776893,85,422,623.35,3
C80815798,34,201,306.37,4
C80828649,81,385,618.64,4
C80844378,31,231,330.56,3
C80856264,54,291,482.89,4
C80905546,35,205,327.06,4
C80948324,60,453,650.36,4
C81020775,33,180,262.68,3
C81020779,45,251,400.84,4
C81042018,67,321,465.43,4
C81065533,66,459,710.12,4
C81082591,48,225,335.66,4
C81142110,77,481,712.84,4
C81152427,52,301,447.95,4
C81204499,64,513,722.37,4
C81305736,53,255,386.26,4
C81368220,34,204,275.9,2
C81451415,37,195,342.06,4
C81488137,39,300,388.21,3
C81526148,36,236,353.37,4
C81551366,48,283,469.28,3
C81603051,74,434,749.49,4
C81616119,30,198,302.77,4
C81620181,45,277,438.22,3
C81647419,63,469,660.16,4
C81698530,85,389,568.62,4
C81713023,51,256,401.99,4
C81729618,37,209,340.06,3
C81835699,38,178,275.93,4
C81993563,46,239,348.84,4
C82029470,40,288,476.92,3
C82043372,31,195,320.15,3
C82113815,50,299,458.61,4
C82201272,46,279,419.77,4
C82205344,71,401,629.13,4
C82211891,61,428,590.09,4
C82213112,37,242,391.75,4
C82252277,58,347,592.77,4
C82306141,60,395,664.3299999999999,3
C82315828,68,334,585.4399999999999,2
C82317743,76,441,671.04,4
C82472154,36,158,274.37,4
C82504811,102,535,861.04,4
C82537122,49,298,481.07,4
C82587243,52,323,508.07,4
C82591877,71,380,601.42,4
C82632293,78,457,697.76,3
C82661773,76,397,624.38,4
C82675356,50,313,468.56,4
C82869580,63,317,474.27,4
C82871276,32,231,338.25,4
C82881510,68,507,858.88,4
C82886201,51,341,449.02,4
C82942934,35,183,267.96000000000004,4
C82950354,41,278,479.95,3
C83136512,82,550,878.91,4
C83143919,36,174,264.44,4
C83190996,66,299,473.92,3
C83202193,58,371,531.94,4
C83255168,68,342,596.24,4
C83360324,48,366,515.74,4
C83461649,43,259,381.88,4
C83485060,35,188,329.49,4
C83516990,48,302,484.9,4
C83554878,67,340,503.04,3
C83694923,67,350,535.11,4
C83793369,44,348,550.5699999999999,4
C83807656,79,369,593.53,3
C83823086,38,216,388.97,4
C83836163,71,332,530.65,3
C83848421,48,292,430.06,4
C83860328,40,269,428.68,4
C83884094,44,382,589.91,4
C83909069,30,147,222.84,3
C83910558,55,416,775.54,4
C84005831,66,320,457.19,3
C84080316,72,339,532.4399999999999,4
C84098672,61,382,593.09,4
C84137726,56,397,622.27,4
C84148465,58,347,589.46,4
C84204500,55,399,611.87,4
C84252202,38,218,371.0,4
C84347479,83,483,685.54,3
C84391971,50,391,580.75,4
C84472676,36,210,346.44,4
C84503988,60,325,533.1899999999999,3
C84622552,51,308,426.8,2
C84662281,85,640,1039.06,4
C84727604,48,274,416.41,4
C84792098,38,303,398.40999999999997,2
C84821859,76,497,753.07,4
C84824285,45,210,347.11,4
C84825112,56,388,606.42,4
C84896037,71,348,629.85,4
C84910680,32,139,226.01,4
C84917323,58,378,634.0,3
C84933497,28,170,231.68,2
C84936527,45,246,382.78,4
C85070540,55,225,356.37,4
C85101815,40,266,399.44,4
C85312335,49,260,449.07,4
C85321983,36,239,355.66,3
C85344168,36,192,389.77,4
C85492637,54,372,515.1899999999999,4
C85512013,56,314,560.79,3
C85554509,51,369,553.46,3
C85565909,44,309,519.6,3
C85618663,99,583,819.46,4
C85644925,30,212,310.57,4
C85668898,29,212,337.73,4
C85782430,42,319,547.44,4
C85826609,68,330,549.68,4
C85872840,56,437,650.71,4
C85887425,55,343,562.37,4
C86019517,40,204,364.25,4
C86023451,77,392,577.44,4
C86197581,50,346,491.99,4
C86306020,47,359,606.39,4
C86339895,60,306,476.09,4
C86407423,36,238,335.04,4
C86452936,62,329,531.85,4
C86562719,67,284,458.81,4
C86590319,43,243,326.3,3
C86632950,52,321,564.79,3
C86648412,63,385,560.0,4
C86655604,63,401,624.04,4
C86660875,38,262,418.28999999999996,4
C86784443,30,137,206.95,4
C87021649,36,173,231.42,4
C87118205,64,410,632.54,4
C87120501,86,438,716.47,4
C87170427,49,351,485.11,4
C87250961,54,412,648.37,4
C87318335,58,342,558.85,4
C87338939,73,575,849.64,4
C87385158,80,506,848.18,4
C87420653,39,199,355.8,3
C87456962,76,379,665.37,4
C87459960,67,397,662.05,4
C87499530,36,199,309.61,3
C87523434,42,252,349.9,4
C87557691,98,570,903.03,4
C87620525,41,262,429.27,4
C88010591,34,206,307.23,4
C88102530,35,229,351.62,3
C88107530,65,378,580.49,3
C88210877,59,415,587.25,4
C88243891,75,396,579.01,4
C88251629,60,348,526.52,4
C88416241,33,155,270.29,4
C88419557,58,297,466.18,4
C88421616,61,354,583.08,4
C88449211,68,278,468.9,4
C88449331,40,299,459.87,4
C88460921,36,330,516.58,4
C88471887,44,265,400.42,4
C88548782,92,538,784.93,4
C88628009,48,311,488.06,3
C88716062,40,313,430.31,4
C88803881,57,315,529.35,4
C88872530,83,491,743.37,4
C88884409,46,300,454.8,4
C88892016,38,265,371.99,4
C88904737,35,235,391.40999999999997,4
C88910851,50,296,491.39,4
C88919326,68,382,587.96,4
C88924661,83,526,783.36,4
C89081050,47,299,449.11,3
C89090773,88,563,938.24,4
C89094509,36,219,331.35,4
C89119940,40,244,416.90999999999997,4
C89139593,58,397,572.35,4
C89215010,68,419,624.1,4
C89292129,76,375,567.45,4
C89330758,79,555,895.59,4
C89353399,63,333,520.25,3
C89440132,34,262,442.13,4
C89489377,45,305,440.28000000000003,4
C89492692,41,306,452.65,3
C89570276,61,494,689.37,4
C89573397,76,355,525.16,4
C89708629,45,247,374.69,4
C89778263,79,468,719.35,4
C89781949,40,335,510.44,4
C89804212,61,352,548.13,3
C89841255,81,538,880.22,4
C89857163,63,291,445.62,4
C89858943,38,346,568.47,4
C89868369,37,271,432.24,4
C89885228,54,298,421.21999999999997,4
C89930250,68,369,562.17,4
C90031785,66,424,606.02,4
C90105971,49,363,493.87,4
C90132056,36,210,297.33,2
C90199135,60,376,613.37,4
C90231069,30,211,323.73,4
C90276327,44,272,419.06,4
C90311375,51,399,586.33,4
C90354213,47,267,414.11,4
C90414674,69,525,736.85,4
C90417266,97,649,1034.4,4
C90425391,48,403,593.1,3
C90450815,85,555,921.21,4
C90578998,70,478,737.59,4
C90593960,58,309,529.55,4
C90607492,29,203,331.26,4
C90631097,44,284,440.48,4
C90655929,68,483,738.3,4
C90723390,49,262,438.65,3
C90860836,70,434,656.32,4
C90938856,43,241,337.57,4
C90939069,80,671,1076.19,4
C90944027,77,590,958.99,4
C91035689,38,270,449.81,4
C91038844,44,317,447.91,4
C91217767,82,501,771.91,4
C91270477,49,300,497.78999999999996,4
C91370314,38,263,373.65,4
C91408703,51,334,503.78000000000003,3
C91446528,67,356,491.94,3
C91456737,71,378,550.52,4
C91483205,89,615,870.1999999999999,4
C91527062,35,179,236.49,4
C91565949,55,437,630.76,4
C91619747,84,466,693.09,4
C91625868,66,417,661.6,4
C91683320,38,280,449.83,3
C91693883,81,519,814.82,3
C91758348,88,529,926.77,4
C91773647,39,202,321.57,4
C91807549,67,286,440.27,4
C91844835,49,252,393.77,4
C91935324,52,316,474.62,4
C91968490,86,611,886.83,4
C91972821,76,453,684.01,4
C91973630,66,460,721.15,4
C92025758,103,549,807.08,4
C92065327,104,609,914.02,4
C92080595,46,274,431.14,4
C92170639,60,311,468.69,4
C92199390,71,342,548.76,3
C92208218,53,311,444.95,3
C92211652,37,217,329.06,4
C92294867,40,191,273.51,4
C92340518,88,549,888.01,3
C92341067,53,271,464.25,4
C92345896,41,285,461.57,4
C92499273,38,205,325.04,3
C92535998,39,202,310.28000000000003,3
C92638875,83,419,670.12,4
C92727257,60,380,545.78,3
C92958750,91,576,865.8,4
C93051589,42,254,380.07,4
C93150964,57,463,708.42,4
C93196817,52,285,466.2,3
C93201001,60,323,523.9,4
C93242787,78,346,552.13,4
C93248801,49,253,418.22,4
C93252527,35,149,220.51999999999998,3
C93285575,53,252,383.4,4
C93298721,63,412,571.0600000000001,4
C93308801,52,321,486.26,4
C93469886,49,226,342.3,3
C93548323,57,330,539.36,4
C93551521,58,377,560.83,3
C93578737,33,197,335.81,4
C93676067,67,353,589.69,4
C93683721,45,360,569.1,3
C93783433,53,417,629.01,4
C93817930,45,252,406.76,3
C93842791,93,667,978.92,4
C93959873,56,375,629.1,4
C94007614,56,412,718.3,4
C94017972,54,377,581.95,4
C94069011,47,342,503.02,4
C94072699,50,455,691.84,3
C94091022,61,463,680.38,4
C94251560,35,255,460.64,3
C94303774,65,466,742.97,4
C94305314,69,407,624.7,4
C94368697,84,502,715.51,4
C94384672,80,435,696.59,4
C94388316,36,282,383.11,3
C94412828,60,407,569.79,4
C94450008,49,286,480.69,4
C94453924,50,181,263.12,3
C94526600,80,432,684.77,4
C94532590,59,298,418.32,4
C94555092,66,385,629.42,4
C94582092,38,159,238.60999999999999,4
C94593807,37,265,387.18,4
C94608917,35,191,276.98,3
C94686063,44,307,422.63,3
C94700264,33,250,402.92,4
C94757347,24,135,212.91,4
C94863315,43,275,402.99,3
C94886609,32,194,279.01,4
C94971964,41,197,316.06,4
C95015599,41,256,430.21999999999997,3
C95026265,37,190,291.46000000000004,4
C95252712,61,390,686.77,4
C95288253,42,326,504.87,3
C95311146,65,406,577.6800000000001,4
C95374140,44,285,451.21,4
C95538656,39,228,323.95,4
C95558218,31,250,368.83,4
C95570965,69,375,572.35,4
C95620771,36,240,371.91,4
C95654333,75,438,619.97,3
C95716328,33,183,269.82,4
C95719578,67,286,409.72,4
C95764452,94,507,765.84,4
C95860312,53,285,396.94,4
C95904579,80,555,860.63,4
C95921283,57,344,554.3,3
C95962763,38,235,317.69,4
C96000405,60,343,479.96,4
C96031868,54,314,443.68,4
C96087695,41,228,405.09,4
C96133814,54,247,443.63,4
C96182866,75,369,530.19,4
C96185602,45,345,532.14,4
C96217519,46,279,405.74,3
C96222422,75,357,530.3100000000001,4
C96346588,57,377,597.61,3
C96347160,90,494,774.72,4
C96351096,56,290,435.46999999999997,3
C96392934,47,275,523.98,3
C96490485,88,523,751.87,4
C96491191,45,306,509.68,3
C96498951,42,183,245.08,3
C96509480,66,335,624.74,4
C96565630,33,247,422.07,4
C96574054,51,342,510.6,4
C96654751,62,466,730.39,4
C96692453,125,626,990.09,4
C96706077,36,289,427.81,4
C96806625,111,609,1026.11,3
C96817248,50,398,631.99,4
C96824149,61,327,519.48,4
C96842297,54,366,513.1899999999999,3
C96898533,28,236,416.96,3
C96934383,23,147,232.45,2
C97007565,55,350,529.98,3
C97079514,34,220,311.63,2
C97112610,36,220,323.89,4
C97148824,104,698,1042.02,4
C97218651,39,251,344.62,4
C97230728,42,224,358.2,4
C97249775,43,304,500.35,4
C97284130,79,502,810.02,4
C97290542,39,259,397.3,4
C97429134,47,244,408.51,4
C97429870,64,364,567.75,3
C97431897,81,436,636.79,3
C97432146,38,190,306.59,3
C97447316,62,319,551.43,4
C97553142,69,441,704.01,4
C97564368,65,377,565.23,4
C97611331,73,476,793.17,4
C97624535,35,183,292.62,3
C97737692,55,374,554.76,4
C97741738,53,306,534.65,4
C97764040,74,427,710.45,4
C97774188,88,616,965.52,4
C97789637,41,258,362.26,3
C97789953,67,395,648.85,4
C97829991,25,129,185.57,4
C97839125,58,311,504.27,4
C97859695,43,261,392.79,4
C97886035,44,253,412.6,4
C97892021,39,209,364.79,4
C97923395,51,320,563.27,4
C97924448,38,196,289.94,4
C97925338,58,414,569.78,3
C97936677,59,309,460.75,4
C97956172,70,393,635.55,4
C97968880,34,196,308.14,3
C97988361,42,261,412.62,4
C97991356,70,363,562.54,4
C98085944,50,386,602.11,4
C98155037,35,324,459.38,4
C98290642,37,271,423.01,3
C98506458,43,299,506.73,4
C98524290,63,384,557.29,4
C98621121,47,392,647.74,4
C98791499,39,292,414.73,4
C98813509,55,373,548.11,4
C98836265,41,240,361.96,3
C98922020,39,286,370.52,4
C99032817,53,394,602.87,2
C99126544,90,517,832.4,4
C99132965,69,393,616.65,4
C99147781,40,218,331.13,4
C99165411,70,427,666.97,4
C99185359,36,201,295.62,4
C99231772,76,380,648.0,4
C99310423,35,205,345.13,4
C99386884,79,408,595.46,4
C99392160,76,408,642.84,4
C99407205,62,418,636.67,4
C99461688,56,319,517.64,4
C99507604,42,256,375.29,4
C99525976,70,497,690.33,4
C99590941,76,363,592.96,3
C99624037,64,222,398.7,3
C99673690,35,216,340.92,3
C99755599,113,599,999.99,4
C99860329,43,240,344.87,4
C99898019,56,345,545.84,4
C99903427,79,522,777.46,4
C99921816,56,370,598.33,4
C99952374,62,390,653.24,4
C99995818,54,233,366.63,3
